name,class_restriction,skill_proficiencies,tool_proficiencies,languages,equipment,feature,description,notes
# ==================== CORPORATE DRONE BACKGROUNDS (CON primary, Con/Wis saves) ====================
Cubicle Survivor,Corporate Drone,Doomscrolling; Power Napping,Office Suite; Coffee Makers,Corporate Jargon,"Ergonomic wrist rest, stress ball, company lanyard, common business casual, belt pouch with 15 gp",Institutional Knowledge,"You survived 10+ years in the same corporation. You know where the bodies are buried and which microwaves are haunted.","+CON synergy via endurance skills. Doomscrolling keys off CON for long hours. Power Napping provides recovery that stacks with Middle Management Aura downtime."
HR Veteran,Corporate Drone,Therapy Speak; Intimidation,Mediation Kit; Documentation Tools,Legalese,"Binder of complaints, passive-aggressive sticky notes, sensible shoes, business casual, belt pouch with 10 gp",Mandatory Fun Coordinator,"You've organized every team-building event and filed every complaint. People fear your calendar invites.","+WIS synergy via Therapy Speak for save boost. Intimidation combos with Middle Management Aura for superior/subordinate dynamics."
Meeting Marathoner,Corporate Drone,Slack Etiquette; Meditation,Video Conferencing Tools; Snack Hoarding,None,"Ring light, backup headphones, meeting snack drawer, athleisure (camera-appropriate), belt pouch with 12 gp",Calendar Tetris,"You can survive 8 hours of back-to-back meetings. Your bladder is legendary.","+CON endurance synergy. Slack Etiquette enhances Email Blast coordination. Meditation provides WIS save support for mental fatigue resistance."
# ==================== DIGITAL NOMAD BACKGROUNDS (DEX primary, Dex/Int saves) ====================
Visa Runner,Digital Nomad,Ghosting; Subletting,Passport Forging; Visa Application,Two languages of choice,"Multiple expired visas, burner SIM cards, compression cubes, travel hoodie, belt pouch with 20 gp",Border Instinct,"You've overstayed visas on 4 continents. Immigration officers recognize your face from training materials.","+DEX synergy for Ghosting (evasion). Subletting uses INT for quick housing solutions. Border knowledge enhances Tax Evasion feature."
Cafe Hopper,Digital Nomad,WiFi Dowsing; Latte Art,Laptop Stand Assembly; Coffee Brewing,Barista Slang,"Portable monitor, outlet adapter kit, cafe loyalty cards (47), compact keyboard, belt pouch with 15 gp",Regular Status,"You've achieved 'the usual' status at cafes in 12 cities. Baristas nod knowingly when you enter.","+WIS via WiFi Dowsing stacks with WiFi Sense. DEX-based Latte Art for social integration. Directly enhances Favored Terrain: Cafe bonus."
Coliving Veteran,Digital Nomad,Stealth; Touch Typing,Shared Kitchen Etiquette; Noise Cancelling,Passive-Aggressive Note Writing,"Labeled food containers, quiet mechanical keyboard, sleep mask, minimalist wardrobe, belt pouch with 10 gp",Common Area Ninja,"You can cook a full meal at 2 AM without waking anyone. Your refrigerator shelf is immaculate.","+DEX via Stealth for shared space navigation. Touch Typing enables INT-based remote work. Survival skills complement nomad lifestyle."
# ==================== INFLUENCER BACKGROUNDS (CHA primary, Cha/Dex saves) ====================
Child Star Burnout,Influencer,Performance; Therapy Speak,Camera Presence; Parasocial Management,Industry Speak,"Vintage press clippings, therapist's business card, nostalgic merch, designer streetwear, belt pouch with 50 gp",Former Fame,"You peaked at 12. Now you're leveraging that trauma into relatable content.","+CHA via Performance directly boosts Call Out. Therapy Speak provides WIS support. High starting gold reflects residual earnings."
Reality TV Alum,Influencer,Humblebragging; Deception,Drama Creation; Confessional Delivery,None,"NDA collection, ring light, wine glass (for throwing), athleisure, belt pouch with 30 gp",Manufactured Conflict,"You know exactly how to create drama that looks organic. Producers still have your number.","+CHA via Humblebragging synergizes with Clout Aura. Deception enables strategic content creation. Perfect for Sponsorship Deal negotiations."
Viral Accident,Influencer,Content Creation; Selfie Taking,Video Editing; Trend Analysis,Meme Speak,"The original viral video (framed), monetization paperwork, brand deal contracts, trendy outfit, belt pouch with 25 gp",One-Hit Relevance,"You went viral once and have been chasing that high ever since. Your 15 minutes are on life support.","+CHA Content Creation is core skill. DEX-based Selfie Taking provides save synergy. Built for maintaining Vicious Mockery: Call Out momentum."
# ==================== CRYPTO BRO BACKGROUNDS (CHA primary, Cha/Int saves) ====================
Failed Day Trader,Crypto Bro,Cryptocurrency Lore; Deception,Chart Reading; Discord Moderation,Crypto Slang,"Blown-up Robinhood account screenshots, copium supply, energy drinks, tech bro casual, belt pouch with 5 gp (lost the rest)",Diamond Hands Delusion,"You lost everything in 2022 but insist you're 'early' not wrong. Paper hands is for the weak.","+INT via Cryptocurrency Lore enhances Blockchain Pact. Deception combos with FUD Blast. Low starting gold is thematic."
MLM Refugee,Crypto Bro,Persuasion; Network Analysis,Pyramid Recognition; Downline Management,Hun Speak (recovering),"Garage full of unsold product, upline trauma, hustle mindset, Lululemon knockoffs, belt pouch with 8 gp",Recognizes the Pattern,"You escaped one scheme. Now you run them. Different game same skills.","+CHA Persuasion for Blockchain Pact social engineering. INT Network Analysis supports smart contract understanding. Transfers cult recruitment skills."
Tech Finance Burnout,Crypto Bro,Insider Trading; Mansplaining,Bloomberg Terminal; Suit Maintenance,Finance Bro,"Discontinued company card, Patagonia vest, Allbirds (worn), superior attitude, belt pouch with 40 gp",Former Legitimacy,"You had a real finance job once. Now you explain why this is actually the same thing but better.","+INT via Insider Trading enhances saves. CHA Mansplaining boosts FUD Blast delivery. Starting gold represents savings before 'the pivot.'"
# ==================== GIG WORKER BACKGROUNDS (STR primary, Str/Con saves) ====================
Former Athlete,Gig Worker,Gentrification; Athletics,Sports Equipment; Personal Training,Gym Bro,"Faded jersey, protein powder, foam roller, athleisure (authentic), belt pouch with 15 gp",Muscle Memory,"You almost went pro. Now you deliver for DoorDash on an e-bike and it's basically the same cardio.","+STR via Athletics synergizes with Hustle and Multiattack. Gentrification provides social STR check. Physical foundation for Energy Drink recovery."
Service Industry Survivor,Gig Worker,Customer Service; Intimidation,Point of Sale; Tray Balancing,Kitchen Spanish,"Non-slip shoes (veteran), apron with 47 pockets, sarcasm (refined), work blacks, belt pouch with 12 gp",The Dead Eyes,"""I have a system"" you say when asked why you're efficient. The system is rage.","+CON synergy for save boost. Intimidation keys off STR for physical presence. Service experience enables Hustle optimization."
Warehouse Veteran,Gig Worker,Logistics; Heavy Lifting,Forklift Operation; Box Tetris,OSHA Violations,"Steel-toed boots, back brace (worn thin), energy drink sponsorship, safety vest (faded), belt pouch with 10 gp",Efficiency Expert,"You've packed 10000+ boxes. You know exactly how much abuse a human body can take.","+STR Heavy Lifting is core. +CON Logistics for save synergy. Perfect foundation for Multiattack: Task Rabbit at level 5."
# ==================== FULL STACK WIZARD BACKGROUNDS (INT primary, Int/Wis saves) ====================
Self-Taught Prodigy,Full Stack Wizard,IKEA Assembly; Algorithm Analysis,Keyboard Customization; Coffee Brewing,Two programming languages,"Stack Overflow printouts, mechanical keyboard, blue light glasses, hoodie (legendary), belt pouch with 20 gp",Tutorial Hell Survivor,"You learned everything from YouTube. Your code works but nobody knows why including you.","+INT via Algorithm Analysis directly enhances Code Casting. Self-taught resilience provides WIS save support. Coffee synergy with Coffee Recovery."
Bootcamp Graduate,Full Stack Wizard,Therapy Speak; Debugging,Whiteboard Coding; Imposter Syndrome Management,Corporate Jargon,"Lambda School debt, portfolio website, anxiety medication, smart casual (forced), belt pouch with 5 gp",Career Pivot Energy,"You were something else 6 months ago. Now you're a developer. The debt is forever.","+INT Debugging enhances School of Deprecation. Therapy Speak provides WIS saves against imposter syndrome. Motivated by debt."
Legacy Code Archaeologist,Full Stack Wizard,Cryptocurrency Lore; Ancient Systems,COBOL; Mainframe Whispering,Three dead languages,"Documentation from 1987, retirement countdown, reading glasses, business casual (dated), belt pouch with 35 gp",The Old Ways,"You maintain systems older than your coworkers. Job security through obscurity.","+INT via Ancient Systems keys directly into School of Deprecation bonus. High value due to irreplaceable knowledge. CON from decades of survival."
# ==================== YOGA TEACHER BACKGROUNDS (WIS primary, Wis/Dex saves) ====================
Former Dancer,Yoga Teacher,Performance; Latte Art,Flexibility Assessment; Playlist Curation,Body Language,"Worn leotard, crystal collection (starter), essential oils, flowy everything, belt pouch with 10 gp",Graceful Transition,"Your body remembers the choreography. Your knees remember the injuries.","+DEX via dance training enhances Unarmored Defense. Performance provides CHA backup. Physical foundation for Chakra Points."
Anxiety Recovery Story,Yoga Teacher,Therapy Speak; Meditation,Breathwork; Journaling,Wellness Speak,"Anxiety medication (former), gratitude journal, meditation cushion, neutral tones, belt pouch with 15 gp",Living Testimonial,"You fixed yourself with yoga and now you're everyone's success story template.","+WIS via Meditation and Therapy Speak enhance saves. Personal experience makes Stunning Strike: Namaste more powerful."
Retreat Survivor,Yoga Teacher,WiFi Dowsing; Manifesting,Singing Bowl; Ceremony Facilitation,Sanskrit (Basic),"Bali bracelet, ayahuasca stories, spiritual tattoo, eco-friendly fabrics, belt pouch with 8 gp",Seen Things,"You did a 30-day silent retreat. The silence spoke back.","+WIS WiFi Dowsing for practical grounding. Manifesting provides CHA backup. Ceremonial skills enhance Ki point usage."
# ==================== LIFE COACH BACKGROUNDS (CHA primary, Cha/Wis saves) ====================
Former Addict,Life Coach,Therapy Speak; Persuasion,12-Step Facilitation; Sponsor Recruitment,Recovery Speak,"Sobriety chip, testimonial collection, Big Book (annotated), athleisure (humble), belt pouch with 12 gp",Rock Bottom Authority,"You've been there. Now you sell maps to people still digging.","+CHA Persuasion enhances Manifesting Speech. Therapy Speak provides WIS save synergy. Authentic suffering sells."
Corporate Escapee,Life Coach,Humblebragging; Networking,Vision Board Creation; Webinar Hosting,LinkedIn Fluency,"Former business cards (burned ceremonially), manifestation journal, laptop stickers (motivational), smart casual, belt pouch with 25 gp",Pivot Story,"You left a 6-figure job to 'find yourself.' You found a new 6-figure job selling the story.","+CHA Humblebragging directly enhances Unqualified Advice delivery. High starting gold from severance. Networking expands client base."
Spiritual Dabbler,Life Coach,Manifesting; Crystal Healing,Astrology Apps; Oracle Card Reading,Woo Speak,"Crystal collection (eclectic), tarot deck (multiple), astrology chart, flowy layers, belt pouch with 10 gp",Cosmic Backup,"You've studied 12 spiritual traditions deeply enough to quote them badly.","+WIS via Manifesting and Crystal Healing enhance saves. Spiritual diversity provides flexible Affirmation Rest theming."
# ==================== TRUST FUND HIPPIE BACKGROUNDS (WIS primary, Wis/Cha saves) ====================
Prep School Dropout,Trust Fund Hippie,Meditation; Deception,Yacht Operation; Wine Tasting,French (From Childhood),"Trust fund documents (hidden), vintage Grateful Dead shirt, designer hemp, 'vintage' trust fund look, belt pouch with 100 gp",Authentic Poverty Cosplay,"You 'chose' this life. Your safety net has a safety net.","+WIS Meditation enhances saves. Deception hides wealth. High starting gold reflects the irony. Perfect for Circle of Trust."
Commune Kid,Trust Fund Hippie,Manifesting; Foraging,Organic Farming; Group Facilitation,Commune Speak,"Parents' commune stories, hemp everything, crystal inheritance, earth tones, belt pouch with 5 gp",Raised Different,"You grew up in an intentional community. Your childhood was either utopia or trauma depending on the day.","+WIS via natural upbringing enhances Spirit Animal Shape. Low gold reflects genuine alternative upbringing. Acai Bowl synergy."
Trust-But-Verify Heir,Trust Fund Hippie,Insight; Persuasion,Estate Management; Charity Gala Navigation,Old Money Whisper,"Nonprofit board positions, tax shelter documentation, vintage everything, understated elegance, belt pouch with 75 gp",Philanthropic Cover,"You channel guilt into tax-deductible compassion. The foundation your grandmother started funds your lifestyle.","+CHA Persuasion for save synergy. Insight enhances WIS and Spirit Animal Shape instincts. Wealth enables Acai Bowl lifestyle."
# ==================== TECH LEAD PALADIN BACKGROUNDS (STR primary, Str/Cha saves) ====================
Military Veteran,Tech Lead Paladin,Intimidation; Athletics,Weapons Maintenance; Leadership,Military Jargon,"DD-214, challenge coins, veteran hat, tactical casual, belt pouch with 20 gp",Chain of Command,"You switched from commanding soldiers to commanding engineers. Same chaos different uniforms.","+STR via Athletics and Intimidation directly enhance melee presence. Leadership skills amplify Aura of Superiority."
Startup Founder (Failed),Tech Lead Paladin,Humblebragging; Debugging,Pitch Deck Creation; Pivoting,VC Speak,"Failed company hoodie, lessons learned presentation, LinkedIn recommendations, tech casual (expensive), belt pouch with 8 gp",Battle-Tested,"Your company failed but you 'learned so much.' The learning cost $2M in VC money.","+CHA Humblebragging enhances save. Debugging provides INT backup for Code Review Smite. Failure = character development."
Open Source Maintainer,Tech Lead Paladin,Therapy Speak; Code Review,GitHub Maintenance; Documentation,Sarcasm (Weaponized),"GitHub stars printout, burnout scars, passive-aggressive commit messages, hoodie (legendary), belt pouch with 5 gp",Community Standing,"You maintain a library everyone uses and nobody pays for. Your issues inbox is a war crime.","+CHA via community standing enhances saves. Therapy Speak for managing contributors. Code Review directly enhances Smite damage."
# ==================== LIFE COACH BACKGROUNDS (already done above, skip) ====================
# ==================== DROPSHIPPER BACKGROUNDS (DEX primary, Dex/Cha saves) ====================
Former Retail Worker,Dropshipper,Customer Service; Deception,Inventory Management; Return Processing,Karen Speak,"Retail trauma, fake tracking numbers, customer service voice, business casual (discount), belt pouch with 15 gp",Knows the Game,"You saw how the sausage was made. Now you make worse sausage.","+DEX background provides save foundation. Deception enables Hidden Fees Attack setup. Customer Service enables Refund Denial negotiations."
Marketplace Flipper,Dropshipper,Thrifting; Negotiation,Price Arbitrage; Listing Optimization,Reseller Slang,"Sourcing spreadsheet, heat gun (for removing tags), shipping supplies, streetwear (authenticated), belt pouch with 25 gp",Buy Low Sell High,"You know the value of everything and the cost of nothing you're selling.","+WIS via Thrifting (Investigation) for spotting deals. Negotiation CHA enhances save. Enables tactical Refund Denial and Evasion."
Affiliate Marketing Survivor,Dropshipper,Content Creation; Deception,SEO Basics; Commission Tracking,Marketing Speak,"Dead affiliate links, analytics screenshots (from peak), content calendar, influencer adjacent, belt pouch with 10 gp",Referral Instinct,"You've put links in everything. Your friends check your texts for tracking codes.","+CHA Content Creation for save synergy. Deception enhances Hidden Fees Attack and product marketing. Built for evasive tactics."
# ==================== DAY TRADER BACKGROUNDS (CHA primary, Cha/Int saves) ====================
Former Gambler,Day Trader,Insight; Risk Assessment,Card Counting; Probability Calculation,Casino Floor,"Banned casino list, probability tables (memorized), poker face, smart casual (comped), belt pouch with 5 gp (or 500 gp)",Reads the Room,"You saw the pattern in cards. Now you see it in charts. Same addiction different screen.","+WIS via Insight provides balance for Leverage risk. Risk Assessment INT enhances saves. Starting gold is volatile by design."
Finance Bro Dropout,Day Trader,Mansplaining; Insider Trading,Bloomberg Terminal; Excel Mastery,Wall Street Speak,"Series 7 (lapsed), Patagonia vest (retired), Robin Hood app (deleted then reinstalled), business casual (rebellious), belt pouch with 30 gp",Institutional Memory,"You know how the big players think because you were one. Now you play against them with less capital.","+INT Insider Trading directly enhances saves. Mansplaining CHA supports Market Volatility social manipulation."
Reddit YOLO Convert,Day Trader,Cryptocurrency Lore; Meme Analysis,Options Trading; Loss Porn Creation,WSB Speak,"Diamond hands tattoo, portfolio screenshots (peak and trough), copium prescription, gamer-adjacent casual, belt pouch with 0-100 gp (roll d100)",Smooth Brain Pride,"You learned trading from wallstreetbets. Your portfolio looks like an EKG.","+INT Crypto Lore provides foundation. Meme Analysis CHA enhances social trading. Variable starting gold reflects volatility lifestyle."
# ==================== UX DESIGNER BACKGROUNDS (INT primary, Int/Cha saves) ====================
Art School Survivor,UX Designer,Performance; Visual Design,Design Software; Portfolio Curation,Design Speak,"Rejected portfolio, student debt, creative trauma, black everything, belt pouch with 8 gp",Aesthetic Suffering,"Your art degree pivoted to UX. Your parents finally understand your job title.","+CHA Performance provides save synergy. Visual Design INT enhances Mockup Illusion. Creative background enables Dark Pattern artistry."
Graphic Design Refugee,UX Designer,Content Creation; Typography,Adobe Suite; Client Management,Marketing Speak,"Spec work nightmares, logo iterations (47), carpal tunnel, hipster casual, belt pouch with 15 gp",Learned Clients,"You've survived 'make the logo bigger.' UX is just defending against that forever.","+INT Typography enhances Prototype Image. Content Creation CHA for save. Client trauma enables Dark Pattern understanding."
Psychology Minor,UX Designer,Therapy Speak; Research Methods,User Testing; Survey Design,Academic Speak,"Research papers (highlighted), user testing horror stories, ethical flexibility, smart casual, belt pouch with 12 gp",Understands Humans,"You took enough psych to manipulate. Not enough to get licensed.","+INT Research Methods directly enhances Dark Pattern DC. Therapy Speak provides WIS backup. Psychology enables effective Mockup Illusions."
# ==================== PRODUCT MANAGER BACKGROUNDS (CHA primary, Cha/Int saves) ====================
Former Engineer,Product Manager,Debugging; Technical Translation,Jira Administration; Architecture Understanding,Engineering Speak,"Old IDE screenshots, impostor syndrome, technical credibility, smart casual (coding history), belt pouch with 20 gp",Crossed Over,"You were an engineer. Now you tell engineers what to do. The resentment flows both ways.","+INT Debugging enhances saves and technical Feature Request Strike targeting. Technical background enables authentic Standup Rally."
MBA Graduate,Product Manager,Networking; Market Analysis,Spreadsheet Mastery; Deck Building,Business School Speak,"MBA debt, case study references, business cards (excessive), business formal (overdressed), belt pouch with 15 gp",Framework Everything,"You have a framework for every situation. None of them work but they're professionally formatted.","+INT Market Analysis for save synergy. Networking CHA enhances Pivot Maneuver coordination. MBA provides strategy for Feature Request Strike."
Customer Success Convert,Product Manager,Customer Service; Humblebragging,CRM Navigation; Escalation Management,Customer Speak,"Customer quotes (curated), NPS obsession, empathy fatigue, customer-facing casual, belt pouch with 12 gp",Voice of Customer,"You've heard every complaint. Now you prioritize which ones get ignored strategically.","+CHA Customer Service enhances Standup Rally team dynamics. Humblebragging supports Feature Request negotiation. Customer knowledge informs Pivot."
# ==================== RECRUITER BACKGROUNDS (CHA primary, Cha/Wis saves) ====================
Sales Background,Recruiter,Persuasion; Cold Calling,CRM Systems; Pipeline Management,Sales Speak,"Commission structures (memorized), rejection tolerance (high), closing techniques, business professional, belt pouch with 25 gp",Always Be Closing,"Candidates are just products. Jobs are just customers. It's all just quota.","+CHA Persuasion directly enhances Headhunter Pact and Cold Call Blast. Sales discipline provides WIS save structure."
HR Background,Recruiter,Therapy Speak; Insight,Background Checks; Compliance Navigation,Corporate Jargon,"Employee handbook (annotated), exit interview transcripts, professional boundaries, HR casual, belt pouch with 15 gp",Knows the System,"You've seen how people get hired and fired. Now you just do the first part.","+WIS Therapy Speak and Insight enhance saves. HR knowledge enables strategic Beguiling Offer construction."
Failed Entrepreneur,Recruiter,Humblebragging; Networking,Startup Ecosystem Knowledge; Reference Checking,Founder Speak,"Failed startup merch, network (extensive), pivot stories, startup casual (faded), belt pouch with 10 gp",Knows Everyone,"Your company failed but your LinkedIn connections are elite. You monetized your network.","+CHA Humblebragging and Networking directly enhance Headhunter Pact reach and Beguiling Offer credibility."
# ==================== STARTUP FOUNDER BACKGROUNDS (CHA primary, Cha/Str saves) ====================
Consultant Background,Startup Founder,Humblebragging; Market Analysis,PowerPoint Mastery; Framework Application,McKinsey Speak,"Case study library, billable hours trauma, frameworks (excessive), business casual (expensive), belt pouch with 40 gp",Strategic Delusion,"You've advised on strategy for years. Now you're testing if you can actually execute.","+INT Market Analysis provides secondary skill. CHA Humblebragging enhances Delusion Aura authenticity. Consulting money enables starting capital."
Serial Entrepreneur,Startup Founder,Persuasion; Deception,Cap Table Management; Failure Reframing,VC Speak,"Previous exit documentation, 'learnings' collection, founder stories, startup uniform (perfected), belt pouch with 20 gp",Pattern Recognition,"This is your third company. You know exactly how to spin the first two.","+CHA Persuasion and Deception directly enhance Equity Hands distribution and Disruption Smite positioning."
Technical Founder,Startup Founder,Debugging; Technical Translation,Prototype Building; Investor Deck,Engineering Speak,"MVP (barely working), technical debt, sleep deprivation, hoodie (lived-in), belt pouch with 5 gp",Built It,"You can actually make things. This is rare among founders and you weaponize it.","+INT Debugging provides secondary stat support. Technical credibility enhances Delusion Aura believability for technical claims."
# ==================== VENTURE CAPITALIST BACKGROUNDS (INT primary, Int/Cha saves) ====================
Operator Background,Venture Capitalist,Debugging; Pattern Recognition,Startup Operations; Board Management,Operator Speak,"Operating experience, company scaling stories, pattern library, smart casual (expensive), belt pouch with 50 gp",Been There,"You built and sold a company. Now you tell others how while taking 20%.","+INT Debugging provides strong foundation. Pattern Recognition enhances Due Diligence accuracy and ROI Blessing targeting."
Family Office,Venture Capitalist,Networking; Estate Management,Wealth Preservation; Tax Optimization,Old Money,"Family legacy, capital allocation authority, generational wealth, understated elegance, belt pouch with 200 gp",Patient Capital,"Your family has been wealthy for generations. You just happen to call it 'investing.'","+CHA Networking enhances save. Estate Management provides INT backup. Extreme starting gold reflects reality."
Former Banker,Venture Capitalist,Insider Trading; Market Analysis,Financial Modeling; Deal Structuring,Finance Speak,"Banking background, deal tombstones, golden handcuffs (escaped), finance professional, belt pouch with 75 gp",Structured Mind,"You modeled deals for institutions. Now you structure them for yourself.","+INT Insider Trading and Market Analysis directly enhance saves and Due Diligence effectiveness."
# ==================== SOCIAL MEDIA MANAGER BACKGROUNDS (CHA primary, Cha/Dex saves) ====================
Journalism Refugee,Social Media Manager,Content Creation; Research Methods,AP Style; Deadline Management,Media Speak,"Journalism degree (collecting dust), portfolio (dying medium), cynicism (refined), smart casual (underpaid), belt pouch with 8 gp",Writes Fast,"You trained to inform. Now you engage. Same skills different ethics.","+CHA Content Creation directly enhances Hashtag Mastery. Research Methods provides INT backup. Writing speed enables Ratio Cut timing."
Brand Side Experience,Social Media Manager,Humblebragging; Crisis Management,Analytics Platforms; Content Calendar,Corporate Speak,"Brand guidelines (memorized), crisis response templates, notification anxiety, corporate casual, belt pouch with 20 gp",Speaks Corporate,"You've managed brand voice. You know how to sound human for a logo.","+CHA Humblebragging enhances save and Ratio Cut targeting. Crisis Management enables strategic Doomscroll Rest recovery."
Influencer Burnout,Social Media Manager,Content Creation; Trend Analysis,All Platforms; Algorithm Understanding,Creator Speak,"Personal brand (retired), follower count (past peak), platform trauma, influencer casual (dated), belt pouch with 15 gp",Knows the Game,"You were the content. Now you make it for others. Less parasocial easier.","+DEX Trend Analysis enables save synergy. Content Creation directly enhances Hashtag Mastery. Algorithm knowledge powers class features."
# ==================== PODCAST HOST BACKGROUNDS (CHA primary, Cha/Int saves) ====================
Radio Background,Podcast Host,Performance; Voice Control,Audio Production; Interviewing,Radio Speak,"Radio voice (trained), broadcasting experience, listener relationship skills, radio casual, belt pouch with 15 gp",Trained Voice,"You learned broadcasting when it meant something. Now you apply it to RSS feeds.","+CHA Performance directly enhances Silver Tongue Ad Read delivery and Hot Take presentation."
Standup Comedy,Podcast Host,Performance; Humor Writing,Timing; Audience Management,Comedy Speak,"Tight five (memorized), bombing stories, crowd work skills, comedy casual, belt pouch with 10 gp",Reads the Room,"You've died on stage enough to know how to keep people engaged.","+CHA Performance enables powerful Hot Takes. Comedy timing enhances Universal Speech delivery and ad read effectiveness."
Therapy Trained,Podcast Host,Therapy Speak; Active Listening,Interview Techniques; Emotional Extraction,Psychology Speak,"Counseling coursework, boundary issues (professional), trauma extraction skills, therapist casual, belt pouch with 12 gp",Gets Deep,"You create the space where guests overshare. It's therapeutic for content.","+WIS Therapy Speak provides save synergy. Active Listening INT enhances Universal Speech understanding and interview depth."
# ==================== BARISTA BACKGROUNDS (INT primary, Int/Dex saves) ====================
Chemistry Background,Barista,Research Methods; Flavor Analysis,Lab Equipment; Extraction Science,Scientific Speak,"Chemistry degree (underutilized), extraction theory knowledge, scientific precision, barista apron (clean), belt pouch with 10 gp",Precision Brewing,"You understand the chemistry of extraction. Your lattes are peer-reviewed.","+INT Research Methods directly enhances Latte Art Savant and Caffeine Elixir creation. Chemistry enables Order Memory optimization."
Service Industry Lifer,Barista,Customer Service; Speed Crafting,Espresso Machines; Rush Hour Management,Cafe Speak,"Repetitive stress history, regular memory (extensive), efficiency systems, barista uniform (worn), belt pouch with 8 gp",Flow State,"You've made 50000 drinks. Your hands move before your brain engages.","+DEX Speed Crafting provides save synergy. Customer Service enables social INT application. Experience powers Order Memory feature."
Art School Barista,Barista,Latte Art; Visual Design,Pour Techniques; Aesthetic Presentation,Art Speak,"Art degree (unemployed), instagram-worthy drinks, aesthetic obsession, creative casual, belt pouch with 5 gp",Pours Pretty,"Your drinks are art. Your bank account is not.","+DEX Latte Art directly enhances class feature. Visual Design INT for elixir presentation. Aesthetic sense enables social integration."
# ==================== CRAFT BREWER BACKGROUNDS (CON primary, Con/Int saves) ====================
Homebrewer Gone Pro,Craft Brewer,Flavor Analysis; Fermentation Science,Brewing Equipment; Recipe Development,Beer Speak,"Homebrew awards, fermentation obsession, recipe notebook, brewery casual, belt pouch with 15 gp",Garage Origins,"You brewed in your garage until it became illegal not to go commercial.","+CON Flavor Analysis (requires tasting stamina). Fermentation Science INT enhances saves. Recipe knowledge enables Hop Infusion optimization."
Chemistry Teacher Pivot,Craft Brewer,Research Methods; Laboratory Safety,Lab Equipment; Science Communication,Teacher Speak,"Teaching experience, chemistry knowledge (applied), student loans (still), educator casual, belt pouch with 10 gp",Breaking Bad Energy,"You applied your chemistry degree in a legal way. Mostly.","+INT Research Methods and Lab Safety enhance saves. Teaching background enables Tap Cannon explanation and Keg Arcane Focus understanding."
Restaurant Industry,Craft Brewer,Food Pairing; Inventory Management,Kitchen Operations; Supplier Relations,Industry Speak,"Restaurant trauma, palate (trained), industry connections, brewery casual (functional), belt pouch with 12 gp",Pairs Well,"You understand how beer fits into the meal. Your recommendations are respected.","+CON Food Pairing requires tasting constitution. Inventory Management INT provides save foundation. Industry knowledge enables Hop Infusion creativity."
# ==================== VINTAGE RESELLER BACKGROUNDS (WIS primary, Wis/Cha saves) ====================
Estate Sale Veteran,Vintage Reseller,Appraisal; Negotiation,Antique Authentication; Pricing Strategy,Collector Speak,"Appraisal experience, estate sale map, negotiation tactics, vintage ensemble (curated), belt pouch with 30 gp",Smells Value,"You can sense the one good piece in a room of garbage. Your nose for deals is supernatural.","+WIS Appraisal directly enhances Appraisal Fighting and Authenticity Eye. Negotiation CHA provides save synergy."
Fashion History Nerd,Vintage Reseller,Thrifting; Fashion Analysis,Era Dating; Label Authentication,Fashion Speak,"Fashion history knowledge, label database (memorized), era-specific details, vintage fashion (authenticated), belt pouch with 20 gp",Dates by Details,"You can identify decade by stitching. Fakes offend you personally.","+WIS Fashion Analysis enhances Authenticity Eye. Thrifting Investigation is core skill. Fashion knowledge enables Thrift Tactics."
Antique Dealer Family,Vintage Reseller,Insight; Market Pricing,Provenance Research; Restoration Basics,Auction Speak,"Family business background, generational knowledge, market intuition, classic professional, belt pouch with 40 gp",Inherited Eye,"Your family has been doing this for generations. You absorbed expertise before you could speak.","+WIS Insight provides save foundation. Market Pricing CHA enables competitive Appraisal Fighting. Family knowledge enhances Authenticity Eye."
# ==================== ONLYFANS CREATOR BACKGROUNDS (CHA primary, Cha/Con saves) ====================
Former Model,OnlyFans Creator,Performance; Visual Presentation,Camera Presence; Lighting,Industry Speak,"Modeling portfolio (traditional), industry transition, camera comfort, photoshoot casual, belt pouch with 25 gp",Knows Angles,"You modeled for someone else's profit. Now you keep the margin.","+CHA Performance directly enhances Enthralling Content. CON from modeling industry endurance. Paywall Majesty photography skills."
Service Worker Pivot,OnlyFans Creator,Customer Service; Boundary Setting,Content Scheduling; Parasocial Management,Creator Speak,"Service industry background, customer interaction skills, boundary enforcement, comfortable casual, belt pouch with 15 gp",Manages Expectations,"You've dealt with difficult customers. Simps are just customers with credit cards.","+CON from service work enhances saves. Customer Service skills enable Simp Army management and Enthralling Content delivery."
Theater Background,OnlyFans Creator,Performance; Character Development,Costume Design; Audience Engagement,Drama Speak,"Theater training, character work skills, performance experience, dramatic casual, belt pouch with 10 gp",Plays a Character,"You perform a persona. The separation is healthy and profitable.","+CHA Performance is core. Character Development enhances Enthralling Content depth. Theater skills enable Paywall Majesty presentation."
# ==================== E-GIRL/E-BOY BACKGROUNDS (CHA primary, Cha/Dex saves) ====================
Gamer Background,E-Girl/E-Boy,Gaming; Streaming Performance,Streaming Software; Chat Management,Gamer Speak,"Gaming setup, streaming history, parasocial experience, gamer aesthetic, belt pouch with 15 gp",Chat Cultivated,"You built community through gameplay. The aesthetic came after.","+DEX Gaming provides save synergy. Streaming Performance CHA enhances Parasocial Spells. Discord Telepathy from chat management."
Cosplay Origins,E-Girl/E-Boy,Costume Creation; Performance,Makeup Artistry; Photography,Cosplay Speak,"Cosplay portfolio, transformation skills, convention experience, cosplay ready, belt pouch with 10 gp",Becomes Characters,"You transform into characters. The e-aesthetic is just permanent cosplay.","+DEX Costume Creation provides save foundation. Performance CHA powers Parasocial Spells. Transformation enables Irony Defense."
Alternative Scene,E-Girl/E-Boy,Music Knowledge; Aesthetic Curation,Photo Editing; Platform Navigation,Scene Speak,"Alt music history, aesthetic roots, subculture credibility, authentic alt fashion, belt pouch with 8 gp",Genuine Article,"You were alt before it was profitable. The TikTok kids discovered your vibe.","+CHA Aesthetic Curation enhances Parasocial Spells authenticity. Music Knowledge enables Discord Telepathy cultural connection."
# ==================== DISCORD MOD BACKGROUNDS (CON primary, Con/Str saves) ====================
Early Internet Veteran,Discord Mod,Forum Moderation; Rule Writing,Multiple Platforms; Troll Psychology,Internet Elder,"IRC history, forum wars survived, moderation experience (decades), internet veteran casual, belt pouch with 10 gp",Has Seen Everything,"You moderated forums before Discord existed. Nothing surprises you anymore.","+CON from internet survival directly enhances saves. Rule Writing STR provides structure. Experience enables Ban Hammer Aura effectiveness."
Community Builder,Discord Mod,Event Planning; Conflict Resolution,Server Architecture; Bot Management,Community Speak,"Community building history, event experience, conflict resolution skills, community casual, belt pouch with 12 gp",Builds Spaces,"You create and maintain communities. The power is in the service.","+CON Event Planning stamina. Conflict Resolution provides social STR equivalent. Sacred Fedora enhanced by community dedication."
Former Teacher,Discord Mod,Classroom Management; Authority Presence,Educational Technology; Behavior Systems,Teacher Speak,"Teaching experience, classroom management skills, authority comfort, professional casual, belt pouch with 15 gp",Manages Children,"Moderating Discord is just teaching without curriculum. Same energy.","+STR Authority Presence enhances saves and Ban Hammer presence. Classroom Management enables Cleansing Touch: Delete effectiveness."
# ==================== REDDIT POWER USER BACKGROUNDS (INT primary, Int/Wis saves) ====================
Academic Background,Reddit Power User,Research Methods; Citation Finding,Database Navigation; Argument Construction,Academic Speak,"Academic training, research skills, citation obsession, academic casual, belt pouch with 10 gp",Sources Everything,"You can't state a fact without linking a study. This is both asset and illness.","+INT Research Methods directly enhances Upvote Portent prediction accuracy and School of Arguments damage."
Debate Team Origins,Reddit Power User,Argument Construction; Logical Analysis,Rhetorical Techniques; Flaw Finding,Debate Speak,"Debate trophies, argument framework, logical precision, debate team formal, belt pouch with 12 gp",Argues Formally,"You were trained to argue both sides. Now you pick the side with the evidence.","+INT Logical Analysis powers Predictive Portent. Argument Construction enhances School of Arguments and Karma Ward."
Journalism Training,Reddit Power User,Research Methods; Fact Checking,Source Verification; Story Construction,Media Speak,"Journalism background, verification habits, source cultivation, journalist casual, belt pouch with 8 gp",Verifies Claims,"You can't read a comment without checking the source. This makes you powerful and exhausting.","+WIS Fact Checking enhances saves. Research Methods INT enables accurate Upvote Portent. Verification powers School of Arguments."
# ==================== TECH SUPPORT BACKGROUNDS (WIS primary, Wis/Int saves) ====================
Call Center Veteran,Tech Support,Customer Service; Patience Mastery,Phone Systems; Script Navigation,Call Center Speak,"Headset callouses, script memorization, patience (weaponized), business casual (phone only), belt pouch with 10 gp",Infinite Patience,"You've explained 'turn it off and on again' 10000 times. Your patience is supernatural.","+WIS Patience Mastery directly enhances saves and Turn Users effectiveness. Customer Service enables Reboot Divinity bedside manner."
Self-Taught IT,Tech Support,Troubleshooting; System Analysis,Everything Computers; Google-Fu,Tech Speak,"Self-taught knowledge, troubleshooting instincts, system intuition, IT casual, belt pouch with 15 gp",Figured It Out,"You learned by breaking and fixing. You understand systems through destruction.","+INT System Analysis enhances saves. Troubleshooting enables Virus Destruction targeting. Intuition powers Turn Users presence."
Former Sysadmin,Tech Support,Infrastructure Knowledge; Crisis Response,Server Management; Security Basics,Sysadmin Speak,"On-call trauma, infrastructure knowledge, crisis response skills, sysadmin comfort (no dress code), belt pouch with 20 gp",Keeps It Running,"You've kept systems alive through disasters. Users are just another disaster.","+INT Infrastructure Knowledge provides save foundation. Crisis Response enables Reboot Divinity timing. Server knowledge enhances Virus Destruction."
# ==================== DATA SCIENTIST BACKGROUNDS (INT primary, Int/Wis saves) ====================
PhD Survivor,Data Scientist,Research Methods; Statistical Analysis,Academic Tools; Peer Review,Academic Speak,"PhD completion, academic trauma, research skills (honed), academic casual (escaped), belt pouch with 8 gp",Defended Thesis,"You completed a doctorate. Your tolerance for rigor is inhuman.","+INT Research Methods and Statistical Analysis directly enhance Predictive Portent and Big Data Divination accuracy."
Industry Convert,Data Scientist,Business Translation; Data Visualization,Analytics Platforms; Stakeholder Management,Business Speak,"Industry experience, translation skills, stakeholder trauma, business casual (data team), belt pouch with 25 gp",Speaks Business,"You can explain statistics to executives. This is the real skill.","+WIS Business Translation provides save synergy. Data Visualization INT enables Data Viz Eye presentation. Stakeholder skills enhance Divination delivery."
Self-Taught Analyst,Data Scientist,Pattern Recognition; Tool Acquisition,Python/R; Database Query,Bootcamp Speak,"Online certifications, self-taught skills, tutorial completion, tech casual, belt pouch with 12 gp",Learned Online,"You kaggled your way to competence. Your models work even if you don't know why.","+INT Pattern Recognition directly powers all class features. Self-taught adaptability enhances Predictive Portent flexibility."
# ==================== SCRUM MASTER BACKGROUNDS (STR primary, Str/Con saves) ====================
Military Background,Scrum Master,Discipline Enforcement; Team Leadership,Tactical Planning; Logistics,Military Speak,"Military experience, discipline training, leadership comfort, tactical casual, belt pouch with 20 gp",Commands Rooms,"You led soldiers. Engineers are easier. They don't have weapons.","+STR Discipline Enforcement directly enhances Sprint Rage authority and Deadline Attack presence. CON from military endurance."
Sports Coaching,Scrum Master,Team Building; Performance Motivation,Training Programs; Competition Mindset,Coach Speak,"Coaching experience, motivation techniques, team dynamics knowledge, athletic casual, belt pouch with 15 gp",Coaches Teams,"You built championship teams. Sprints are just games with tickets.","+STR Performance Motivation provides physical presence. Team Building CON enables Blocker Sense team awareness. Deadline Attack coaching intensity."
Project Management Convert,Scrum Master,Process Design; Stakeholder Management,Jira Mastery; Meeting Facilitation,PM Speak,"PMP certification, waterfall trauma, process frameworks, business casual (reformed), belt pouch with 18 gp",Converted Believer,"You did waterfall. You saw the light. Now you evangelize.","+CON Process Design provides save foundation. Stakeholder Management enables Sprint Rage justification and Deadline Attack coordination."
# ==================== DEVOPS ENGINEER BACKGROUNDS (INT primary, Int/Con saves) ====================
Sysadmin Origins,DevOps Engineer,Infrastructure Knowledge; Automation Design,Linux Systems; Monitoring Tools,Ops Speak,"Sysadmin experience, automation instincts, infrastructure intuition, ops casual (on-call ready), belt pouch with 20 gp",Keeps It Running,"You kept systems alive before DevOps existed. You just called it 'the job.'","+INT Infrastructure Knowledge directly enhances Server Defender creation and Script Storage effectiveness."
Developer Convert,DevOps Engineer,Coding; Pipeline Architecture,CI/CD Tools; Container Orchestration,Dev Speak,"Development background, code-to-ops journey, pipeline experience, developer hoodie, belt pouch with 18 gp",Writes Infra,"You coded applications. Now you code the systems that run them.","+INT Coding provides foundation for all class features. Pipeline Architecture enables sophisticated Server Defender and Script Storage."
Security Background,DevOps Engineer,Threat Assessment; Hardening,Security Tools; Compliance Frameworks,Security Speak,"Security training, paranoia (professional), hardening skills, security casual (no badges visible), belt pouch with 22 gp",Secures Everything,"You see vulnerabilities everywhere. Your pipelines are fortresses.","+CON Threat Assessment resilience enhances saves. Security knowledge enables hardened Server Defender and secure Script Storage."
# ==================== SEO SPECIALIST BACKGROUNDS (DEX primary, Dex/Int saves) ====================
Content Marketing,SEO Specialist,Content Creation; Keyword Research,CMS Platforms; Analytics Tools,Marketing Speak,"Content marketing background, keyword instincts, analytics addiction, marketing casual, belt pouch with 15 gp",Writes for Robots,"You create content optimized for algorithms. Sometimes humans like it too.","+DEX Content Creation provides save foundation. Keyword Research INT enhances Algorithm Tricks effectiveness and Backlink Hand targeting."
Technical Background,SEO Specialist,Debugging; Site Architecture,Crawling Tools; Schema Markup,Technical SEO Speak,"Technical training, site structure intuition, crawl budget obsession, technical casual, belt pouch with 18 gp",Speaks to Spiders,"You understand how search engines see websites. You optimize for their perspective.","+INT Debugging and Site Architecture directly enhance saves and Keyword Ambush technical execution."
Black Hat Reformed,SEO Specialist,Deception; Risk Assessment,Manipulation Techniques; Gray Area Navigation,Underground Speak,"Black hat history, penalty recovery experience, risk tolerance (calibrated), anonymous casual, belt pouch with 25 gp",Knows Dark Arts,"You did the sketchy stuff. Now you use that knowledge defensively. Mostly.","+DEX Risk Assessment provides save foundation. Deception enables sophisticated Backlink Hand manipulation and Algorithm Tricks."
# ==================== GHOSTWRITER BACKGROUNDS (CHA primary, Cha/Dex saves) ====================
Journalism Background,Ghostwriter,Research Methods; Voice Mimicry,Interview Techniques; Transcription,Media Speak,"Journalism training, voice adaptation skills, anonymous portfolio, writer casual (invisible), belt pouch with 15 gp",Captures Voice,"You learned to tell others' stories. Now you write as them entirely.","+CHA Voice Mimicry directly enhances Plagiarism Blades authenticity and Identity Theft perfection. NDA Terror from source protection."
Academic Writing,Ghostwriter,Research Methods; Citation Mastery,Academic Formatting; Argument Construction,Academic Speak,"Academic background, citation skills, formatting precision, academic casual, belt pouch with 12 gp",Writes Essays,"You wrote papers for yourself. Now you write them for others. Same skills different ethics.","+INT Research Methods provides secondary stat. DEX via precision enhances saves. Academic rigor enables sophisticated Plagiarism Blades."
Speechwriting,Ghostwriter,Persuasion; Rhetoric Construction,Speech Timing; Audience Analysis,Political Speak,"Speechwriting experience, rhetoric skills, political instincts, professional formal, belt pouch with 20 gp",Puts Words In Mouths,"You've written speeches for important people. They got the applause you deserved.","+CHA Persuasion and Rhetoric directly enhance NDA Terror authority and Identity Theft presentation authenticity."
# ==================== REMOTE WORKER BACKGROUNDS (WIS primary, Wis/Int saves) ====================
Corporate Escaped,Remote Worker,Time Management; Self-Direction,Home Office Setup; Video Call Presence,Remote Speak,"Office escape story, home office (optimized), autonomy skills, comfortable casual (waist up), belt pouch with 20 gp",Left the Building,"You worked in an office. You got out. You're never going back.","+WIS Time Management provides save foundation. Self-Direction enables Async Communication optimization and Flexible Hours usage."
Digital Native,Remote Worker,Asynchronous Communication; Digital Tool Mastery,Cloud Platforms; Collaboration Tools,Digital Speak,"Never worked in office, digital tool fluency, async instincts, remote native, belt pouch with 15 gp",Never Commuted,"You've never had a 'real' office job. Your commute has always been 10 seconds.","+INT Digital Tool Mastery enhances saves. Async Communication WIS directly powers Async Communication feature and Camera Off Stealth."
Freelance Veteran,Remote Worker,Client Management; Scope Negotiation,Invoicing Tools; Contract Reading,Freelance Speak,"Freelance experience, client management skills, scope creep trauma, freelance casual, belt pouch with 10-30 gp (invoice dependent)",Manages Self,"You've been your own boss/employee for years. Both of them are difficult.","+WIS Client Management provides save foundation. Scope Negotiation enables strategic Flexible Hours and Camera Off Stealth timing."
# ==================== LINKEDIN THOUGHT LEADER BACKGROUNDS (CHA primary, Cha/Int saves) ====================
Corporate Executive,LinkedIn Thought Leader,Humblebragging; Leadership Performance,Executive Presence; Boardroom Navigation,Executive Speak,"Executive background, leadership theater, corporate success, executive casual (expensive), belt pouch with 50 gp",Climbed Ladder,"You made it to the top. Now you post about the journey for engagement.","+CHA Humblebragging directly powers Humble Brag feature and Agree? authority. Network Effect from executive connections."
Sales Background,LinkedIn Thought Leader,Persuasion; Relationship Building,CRM Systems; Pipeline Stories,Sales Speak,"Sales record, relationship skills, quota stories, sales professional, belt pouch with 30 gp",Sold Everything,"You've sold products. Now you sell yourself. Same skills different product.","+CHA Persuasion enhances Network Effect and Agree? engagement. Sales training powers Humble Brag delivery and credibility."
Consultant Background,LinkedIn Thought Leader,Framework Creation; Thought Leadership,Deck Building; Conference Speaking,Consultant Speak,"Consulting experience, framework library, speaking history, thought leader professional, belt pouch with 35 gp",Has Frameworks,"You've consulted for prestigious companies. Now you share 'insights' for free.","+INT Framework Creation provides save foundation. Thought Leadership CHA directly enhances all class features and Network Effect reach."
# ==================== AIRBNB SUPERHOST BACKGROUNDS (WIS primary, Wis/Cha saves) ====================
Hospitality Background,Airbnb Superhost,Guest Relations; Property Management,Cleaning Standards; Amenity Curation,Hospitality Speak,"Hotel experience, service standards, hospitality instincts, host casual (welcoming), belt pouch with 25 gp",Trained Host,"You worked in hotels. Now you run a hotel from your couch.","+CHA Guest Relations enhances save and Review Curse targeting. WIS Property Management powers Lair Actions effectiveness."
Real Estate Background,Airbnb Superhost,Property Valuation; Market Analysis,Rental Law; Listing Optimization,Real Estate Speak,"Real estate license (maybe), property knowledge, market instincts, real estate casual, belt pouch with 40 gp",Knows Property,"You understand real estate. You just applied it to shorter terms.","+WIS Property Valuation provides save foundation. Market Analysis CHA enables strategic Cleaning Fee maximization and Lair Actions."
Accidental Host,Airbnb Superhost,Problem Solving; Guest Psychology,Emergency Management; Review Diplomacy,Learned Host Speak,"Hosting stories, problem-solving skills, guest psychology (studied), comfortable host, belt pouch with 20 gp",Learned Hosting,"You needed extra income. Now you're professionally hosting strangers in your space.","+WIS Problem Solving directly enhances saves and Lair Actions adaptation. Guest Psychology enables Review Curse and Cleaning Fee timing."
# ==================== UBER DRIVER BACKGROUNDS (CON primary, Con/Dex saves) ====================
Taxi Veteran,Uber Driver,City Navigation; Driving Skill,Vehicle Maintenance; Traffic Prediction,Driver Speak,"Taxi experience, city knowledge, driving precision, driver casual (comfortable), belt pouch with 15 gp",Knows Every Street,"You drove taxi before apps. You know routes the algorithm doesn't.","+DEX Driving Skill provides save synergy. City Navigation enables Road Rage optimization and 5-Star Rating through efficiency."
Rideshare Dependent,Uber Driver,Customer Management; Time Optimization,Multiple App Management; Surge Prediction,Gig Speak,"Full-time rideshare, optimization obsession, rating anxiety, gig casual, belt pouch with 12 gp",Lives the Life,"This is your job. You've optimized every minute for maximum fare.","+CON Time Optimization endurance enhances saves. Customer Management enables 5-Star Rating maintenance and Surge Pricing prediction."
Side Hustle Driver,Uber Driver,Conversation Skills; Schedule Flexibility,Part-Time Management; Income Tracking,Casual Driver,"Side income, flexible schedule, conversation practice, regular casual, belt pouch with 20 gp",Drives When Needed,"You drive for extra money and airport rides. The flexibility is the point.","+CHA Conversation Skills provides save synergy. Schedule Flexibility enables strategic Surge Pricing timing and 5-Star Rating charm."
# ==================== KAREN BACKGROUNDS (CHA primary, Cha/Con saves) ====================
Customer Service Trauma,Karen,Entitlement Assertion; Complaint Articulation,Manager Location; Corporate Escalation,Karen Speak,"Customer service nightmares, complaint expertise, entitlement skills, suburban professional, belt pouch with 25 gp",Was Wronged Once,"Something happened once. Now you ensure it never happens again. To anyone.","+CHA Entitlement Assertion directly powers Entitlement Aura and Speak to Manager authority. Complaint skills enable Manager Summoning."
Middle Management,Karen,Authority Projection; Process Navigation,HR Systems; Complaint Documentation,Corporate Karen,"Management experience, authority comfort, process knowledge, manager casual, belt pouch with 30 gp",Managed Before,"You managed employees. Now you manage everyone's customer experience.","+CON from management endurance provides saves. Authority Projection CHA enhances Entitlement Aura and Speak to Manager damage."
HOA Board Member,Karen,Rule Enforcement; Community Surveillance,Bylaw Research; Fine Documentation,HOA Speak,"HOA experience, rule obsession, community power, neighborhood patrol, belt pouch with 35 gp",Enforces Rules,"You enforce HOA rules. This trained you for all customer service interactions.","+CHA Rule Enforcement provides authority for all class features. CON from community conflict enhances saves and Entitlement Aura."
# ==================== MOMFLUENCER BACKGROUNDS (CHA primary, Cha/Wis saves) ====================
Marketing Background,Momfluencer,Content Strategy; Brand Building,Social Platforms; Photography,Marketing Speak,"Marketing experience, brand instincts, content strategy, momfluencer aesthetic, belt pouch with 25 gp",Marketed Products,"You marketed brands. Now your family is the brand.","+CHA Content Strategy directly enhances Overshare Attack targeting and Judgment Aura positioning. Brand skills power Wine Mom Poison presentation."
Former Teacher,Momfluencer,Child Development; Curriculum Design,Educational Content; Parent Communication,Teacher Speak,"Teaching experience, child expertise, educational authority, teacher mom casual, belt pouch with 15 gp",Knows Kids,"You taught other people's kids. Now you share expertise about your own.","+WIS Child Development provides save synergy. Teacher authority enhances Judgment Aura credibility and Overshare Attack educational framing."
Lifestyle Blogger,Momfluencer,Content Creation; Aesthetic Curation,Photography; Home Staging,Lifestyle Speak,"Blogging history, aesthetic obsession, lifestyle curation, curated casual, belt pouch with 20 gp",Curated Life,"You blogged about life. Adding kids just expanded the content calendar.","+CHA Content Creation and Aesthetic Curation directly enhance Overshare Attack presentation and Wine Mom Poison aesthetic."
# ==================== HUSTLE CULTURE GURU BACKGROUNDS (CHA primary, Cha/Str saves) ====================
Former Athlete,Hustle Culture Guru,Athletic Discipline; Competition Mindset,Training Programs; Performance Measurement,Athlete Speak,"Athletic background, discipline training, competition drive, athletic guru, belt pouch with 20 gp",Channeled Drive,"You competed in sports. Now you compete in productivity.","+STR Athletic Discipline provides save synergy. Competition Mindset enhances Grindset Aura intensity and Motivational Strike delivery."
Military Background,Hustle Culture Guru,Discipline Enforcement; Early Rising,Time Management; Team Motivation,Military Speak,"Military experience, discipline comfort, early hours normalized, tactical guru, belt pouch with 18 gp",Trained Discipline,"You woke up at 4 AM in the military. Now you sell it as lifestyle.","+STR Discipline Enforcement directly powers 4AM Club authenticity and Grindset Aura authority. Military training enables Motivational Strike."
Sales Success Story,Hustle Culture Guru,Persuasion; Goal Setting,Quota Systems; Pipeline Management,Sales Guru,"Sales record, goal obsession, success metrics, sales guru aesthetic, belt pouch with 35 gp",Made Numbers,"You crushed sales quotas. Now you teach others to crush life quotas.","+CHA Persuasion directly enhances Motivational Strike and Grindset Aura inspiration. Goal Setting powers 4AM Club structure."
# ==================== DIGITAL DETOX DRUID BACKGROUNDS (WIS primary, Wis/Con saves) ====================
Tech Burnout,Digital Detox Druid,Technology Understanding; Meditation,Former Tech Skills; Mindfulness,Recovery Speak,"Tech background, burnout story, recovery journey, natural fibers, belt pouch with 15 gp",Escaped Tech,"You worked in tech. You burned out. Now you help others escape.","+WIS Meditation provides save foundation. Technology Understanding enables effective Unplug Aura targeting and Nature's Bandwidth appreciation."
Hippie Origins,Digital Detox Druid,Natural Living; Foraging,Organic Practices; Traditional Skills,Earthy Speak,"Analog childhood, natural skills, pre-digital comfort, truly natural fabrics, belt pouch with 8 gp",Never Plugged In,"You grew up with minimal technology. You're not escaping you're returning.","+CON Natural Living provides save synergy. Foraging enables Analog Shape forms and Nature's Bandwidth communication."
Wellness Industry,Digital Detox Druid,Retreat Facilitation; Wellness Marketing,Ceremony Design; Program Development,Wellness Speak,"Retreat experience, program design, wellness authority, retreat leader aesthetic, belt pouch with 25 gp",Sells Unplugging,"You run digital detox retreats. The irony of marketing them online isn't lost on you.","+CHA Wellness Marketing provides secondary skill. WIS Retreat Facilitation powers Unplug Aura and Analog Shape transformation guidance."
# ==================== BURNOUT SURVIVOR BACKGROUNDS (CON primary, Con/Wis saves) ====================
Startup Crash,Burnout Survivor,Overwork Recognition; Recovery Planning,Burnout Signals; Self-Care,Survivor Speak,"Startup burnout, recovery story, boundaries now, comfortable recovery, belt pouch with 10 gp",Crashed Hard,"You burned out at a startup. You're still recovering but wiser.","+CON Overwork Recognition directly enhances Exhaustion Resistance effectiveness. Recovery Planning enables Quiet Quitting strategy."
Corporate Ladder Fall,Burnout Survivor,Corporate Survival; Boundary Setting,Stress Signals; Recovery Techniques,Corporate Survivor,"Ladder climbing trauma, boundaries (hard-won), recovery skills, post-corporate casual, belt pouch with 20 gp",Climbed and Fell,"You climbed the corporate ladder until it broke. Now you set boundaries.","+WIS Boundary Setting directly powers Boundaries class feature and Quiet Quitting timing. Corporate knowledge enhances Exhaustion Resistance."
Healthcare Burnout,Burnout Survivor,Crisis Management; Emotional Processing,Medical Stress; Recovery Protocols,Healthcare Speak,"Healthcare burnout, crisis experience, emotional processing, caring casual, belt pouch with 15 gp",Cared Too Hard,"You burned out caring for others. Now you care for yourself first.","+CON Crisis Management provides save foundation. Emotional Processing WIS enhances Boundaries immunity and Quiet Quitting self-protection."
# ==================== REPLY GUY BACKGROUNDS (CHA primary, Cha/Dex saves) ====================
Parasocial Expert,Reply Guy,Celebrity Knowledge; Notification Monitoring,All Platforms; Alert Systems,Stan Speak,"Parasocial relationship history, celebrity obsession, notification addiction, stan casual, belt pouch with 10 gp",Knows Everything,"You know more about them than they know about themselves. It's concerning.","+CHA Celebrity Knowledge directly enhances Notification Spam targeting and Sliding In accuracy. Persistence from obsession."
Former Incel Recovery,Reply Guy,Social Skills (Learning); Persistence,Dating Apps; Social Platforms,Recovering Speak,"Incel history (escaped), social skill development, persistence (redirected), improving casual, belt pouch with 8 gp",Working On It,"You had some ideas. You're unlearning them. The persistence transferred positively.","+DEX from dating app agility provides saves. Persistence directly powers Persistence feature. Social skills enable healthier Notification Spam."
Attention Seeker,Reply Guy,Platform Presence; First Comment Strategy,Speed Typing; Alert Optimization,First Speak,"First comment obsession, notification optimization, attention tactics, ready-to-type casual, belt pouch with 12 gp",First Always,"You're always first to comment. You've optimized your entire setup for speed.","+DEX Speed Typing provides save synergy. First Comment Strategy enables devastating Notification Spam and Sliding In timing."
# ==================== DOOMSCROLLER BACKGROUNDS (CON primary, Con/Wis saves) ====================
News Junkie,Doomscroller,Current Events; Crisis Tracking,News Apps; Alert Management,News Speak,"News obsession, current events expertise, crisis awareness, anxious casual, belt pouch with 12 gp",Knows Everything Bad,"You're informed about every disaster. This is survival skill and curse.","+WIS Current Events provides save synergy. Crisis Tracking enables Dark Knowledge accuracy and Doom Absorption targeting."
Anxiety Background,Doomscroller,Threat Assessment; Pattern Recognition,Doom Feeds; Safety Planning,Anxious Speak,"Anxiety diagnosis, threat awareness, safety obsession, comfort casual, belt pouch with 10 gp",Prepared for Worst,"Your anxiety trained you to expect disasters. Doomscrolling confirms your fears.","+CON Anxiety management provides save foundation. Threat Assessment enables Endless Feed focus and Doom Absorption resilience."
Former Journalist,Doomscroller,Research Methods; Information Verification,News Sources; Fact-Checking,Media Speak,"Journalism background, information obsession, verification habits, journalist casual, belt pouch with 15 gp",Can't Stop Knowing,"You trained to follow stories. Now you can't stop following all of them.","+INT Research Methods provides secondary skill. Information Verification WIS enhances Dark Knowledge accuracy and Endless Feed comprehension."

